customer_id,tenure_months,monthly_charges,total_charges,contract_type,internet_service,num_support_tickets,payment_method,churned
CUST-0001,15,82.45,1144.16,month-to-month,fiber_optic,5,electronic_check,1
CUST-0002,28,63.16,1739.35,month-to-month,dsl,0,bank_transfer,0
CUST-0003,36,79.16,2726.65,two-year,fiber_optic,0,credit_card,1
CUST-0004,13,80.19,1098.14,month-to-month,fiber_optic,0,electronic_check,0
CUST-0005,11,31.78,332.06,one-year,none,3,bank_transfer,1
CUST-0006,11,26.63,266.35,two-year,none,0,mailed_check,0
CUST-0007,35,42.74,1426.56,one-year,dsl,0,electronic_check,0
CUST-0008,72,88.73,6945.58,month-to-month,fiber_optic,4,bank_transfer,1
CUST-0009,9,20.38,195.72,month-to-month,none,1,credit_card,1
CUST-0010,32,46.5,1399.31,one-year,dsl,0,bank_transfer,0
CUST-0011,18,106.69,2006.2,one-year,fiber_optic,3,electronic_check,0
CUST-0012,60,26.36,1707.58,one-year,none,1,credit_card,0
CUST-0013,35,85.88,3015.96,two-year,fiber_optic,3,electronic_check,0
CUST-0014,65,18,1118.49,two-year,none,0,electronic_check,0
CUST-0015,70,18,1217.51,two-year,none,0,credit_card,0
CUST-0016,31,42.63,1386.99,month-to-month,none,0,credit_card,0
CUST-0017,17,52.12,975.54,month-to-month,dsl,0,mailed_check,0
CUST-0018,26,109.19,2625.87,one-year,fiber_optic,1,bank_transfer,1
CUST-0019,9,56.07,514.14,month-to-month,dsl,2,electronic_check,0
CUST-0020,10,120,1106.72,one-year,fiber_optic,8,mailed_check,1
CUST-0021,32,31.97,1054.12,two-year,none,0,electronic_check,0
CUST-0022,13,59.99,799.54,month-to-month,dsl,0,credit_card,1
CUST-0023,24,47.75,1185.84,month-to-month,fiber_optic,1,credit_card,0
CUST-0024,12,34.51,399.82,two-year,none,0,electronic_check,1
CUST-0025,49,88.59,4167.35,month-to-month,fiber_optic,2,credit_card,0
CUST-0026,63,50.28,2993.66,month-to-month,fiber_optic,3,credit_card,1
CUST-0027,62,28.17,1737.83,one-year,none,0,electronic_check,0
CUST-0028,16,42.35,691.18,two-year,dsl,1,bank_transfer,0
CUST-0029,41,86.43,3721.04,two-year,fiber_optic,2,bank_transfer,0
CUST-0030,10,67.44,708.29,month-to-month,dsl,1,bank_transfer,1
CUST-0031,45,33.3,1617.25,two-year,none,1,mailed_check,0
CUST-0032,2,26.4,57.11,one-year,dsl,0,credit_card,0
CUST-0033,71,68.19,5149.6,month-to-month,fiber_optic,4,electronic_check,0
CUST-0034,7,84.48,642.12,month-to-month,fiber_optic,4,electronic_check,1
CUST-0035,57,120,7162.67,one-year,fiber_optic,5,electronic_check,0
CUST-0036,19,74.28,1583.76,month-to-month,fiber_optic,0,mailed_check,0
CUST-0037,32,120,3472.85,one-year,fiber_optic,3,bank_transfer,1
CUST-0038,23,78.39,1700.1,two-year,fiber_optic,4,bank_transfer,0
CUST-0039,32,75.6,2247.04,month-to-month,dsl,0,electronic_check,1
CUST-0040,30,39.78,1189.35,month-to-month,dsl,1,mailed_check,1
CUST-0041,66,28.68,1875.42,month-to-month,none,4,mailed_check,1
CUST-0042,14,120,1457.07,one-year,fiber_optic,0,bank_transfer,0
CUST-0043,25,71.65,1741.05,month-to-month,dsl,1,electronic_check,1
CUST-0044,9,18,159.84,two-year,none,6,bank_transfer,0
CUST-0045,53,62.93,3565.62,month-to-month,dsl,0,bank_transfer,0
CUST-0046,52,72.63,3551.78,one-year,fiber_optic,2,electronic_check,0
CUST-0047,57,78.7,4394.49,one-year,dsl,1,bank_transfer,0
CUST-0048,12,76.65,924.66,two-year,dsl,0,bank_transfer,0
CUST-0049,61,69.83,4076.71,one-year,dsl,1,mailed_check,0
CUST-0050,1,30.38,30.57,two-year,none,4,credit_card,0
CUST-0051,60,50.38,3096.22,month-to-month,fiber_optic,2,credit_card,0
CUST-0052,57,53.47,3140.89,one-year,dsl,2,mailed_check,0
CUST-0053,61,50.56,3347.65,month-to-month,dsl,0,credit_card,0
CUST-0054,31,106.48,3378.12,month-to-month,fiber_optic,2,mailed_check,0
CUST-0055,9,119.97,1118.67,month-to-month,fiber_optic,1,mailed_check,1
CUST-0056,49,18,810.37,month-to-month,none,2,electronic_check,0
CUST-0057,70,23.68,1752.18,two-year,none,0,mailed_check,0
CUST-0058,60,18,1140.28,two-year,none,1,mailed_check,0
CUST-0059,55,47.5,2674.54,month-to-month,dsl,0,electronic_check,0
CUST-0060,54,65.52,2798.74,month-to-month,fiber_optic,1,electronic_check,0
CUST-0061,6,29.56,178.01,two-year,none,0,electronic_check,1
CUST-0062,33,62.46,2060.52,two-year,fiber_optic,4,bank_transfer,0
CUST-0063,14,31.5,429.32,one-year,none,3,bank_transfer,0
CUST-0064,32,74.04,2320.69,month-to-month,dsl,4,credit_card,0
CUST-0065,45,53.56,2394.82,one-year,dsl,0,electronic_check,0
CUST-0066,59,86.31,5289.59,one-year,fiber_optic,4,bank_transfer,0
CUST-0067,62,22.36,1433.07,month-to-month,none,3,bank_transfer,0
CUST-0068,49,71.15,3323.65,month-to-month,dsl,0,electronic_check,1
CUST-0069,36,55.83,2112.37,one-year,dsl,0,electronic_check,0
CUST-0070,58,107.7,6151.08,two-year,fiber_optic,2,electronic_check,0
CUST-0071,68,19.75,1402.24,month-to-month,none,0,bank_transfer,0
CUST-0072,69,78.8,5421.55,two-year,dsl,1,electronic_check,0
CUST-0073,37,20.64,788.53,two-year,none,1,electronic_check,1
CUST-0074,38,89.36,3051.51,one-year,fiber_optic,2,credit_card,0
CUST-0075,57,27.54,1540.28,month-to-month,none,0,electronic_check,0
CUST-0076,20,56.02,1148.51,month-to-month,dsl,1,electronic_check,0
CUST-0077,29,77.19,2381.12,two-year,fiber_optic,1,credit_card,0
CUST-0078,13,82.05,1050.02,two-year,fiber_optic,0,electronic_check,1
CUST-0079,1,67.11,67.67,month-to-month,dsl,0,mailed_check,1
CUST-0080,34,50.55,1801.39,two-year,dsl,0,bank_transfer,0
CUST-0081,35,73.22,2761.93,two-year,fiber_optic,2,electronic_check,0
CUST-0082,52,62.5,3290.55,two-year,dsl,0,mailed_check,0
CUST-0083,33,102.02,3194.6,month-to-month,fiber_optic,0,bank_transfer,0
CUST-0084,23,27.28,644.81,month-to-month,dsl,1,credit_card,0
CUST-0085,12,94.38,1153.05,month-to-month,fiber_optic,1,electronic_check,1
CUST-0086,71,85.84,6486.0,month-to-month,fiber_optic,5,electronic_check,0
CUST-0087,1,60.43,63.08,one-year,dsl,3,mailed_check,1
CUST-0088,71,61.05,4282.33,month-to-month,fiber_optic,2,credit_card,0
CUST-0089,21,91.08,2093.89,month-to-month,fiber_optic,0,mailed_check,1
CUST-0090,38,75.57,2978.16,one-year,fiber_optic,2,credit_card,0
CUST-0091,66,90.57,5396.82,one-year,fiber_optic,1,electronic_check,1
CUST-0092,39,43.5,1757.63,two-year,dsl,0,bank_transfer,0
CUST-0093,70,30.87,2151.28,month-to-month,none,0,credit_card,0
CUST-0094,61,18.53,1076.25,one-year,none,4,mailed_check,0
CUST-0095,5,37.48,198.07,month-to-month,none,0,electronic_check,1
CUST-0096,20,53.59,1033.24,month-to-month,dsl,0,electronic_check,1
CUST-0097,69,87.4,5419.82,month-to-month,fiber_optic,0,bank_transfer,0
CUST-0098,30,96.77,2706.51,one-year,fiber_optic,1,electronic_check,0
CUST-0099,4,49.06,200.14,month-to-month,dsl,2,electronic_check,1
CUST-0100,11,70.72,726.47,one-year,fiber_optic,1,bank_transfer,0
CUST-0101,59,109.48,6176.68,month-to-month,fiber_optic,0,credit_card,0
CUST-0102,55,59.94,3619.67,one-year,dsl,0,electronic_check,0
CUST-0103,46,36.61,1667.02,one-year,none,0,electronic_check,0
CUST-0104,7,45.81,343.4,two-year,dsl,0,credit_card,0
CUST-0105,29,51.0,1372.3,one-year,dsl,2,bank_transfer,0
CUST-0106,40,53.81,2312.4,two-year,fiber_optic,0,mailed_check,0
CUST-0107,26,22.43,570.75,month-to-month,dsl,2,credit_card,0
CUST-0108,38,120,4682.19,one-year,fiber_optic,8,electronic_check,0
CUST-0109,51,25.34,1281.87,two-year,none,0,mailed_check,0
CUST-0110,49,28.35,1390.74,two-year,none,2,electronic_check,0
CUST-0111,29,48.43,1307.59,one-year,dsl,0,mailed_check,0
CUST-0112,15,25.62,356.87,month-to-month,none,1,electronic_check,0
CUST-0113,54,39.02,1942.09,one-year,dsl,1,credit_card,0
CUST-0114,28,22.58,671.26,month-to-month,none,0,credit_card,0
CUST-0115,46,120,5357.93,month-to-month,fiber_optic,0,credit_card,0
CUST-0116,7,112.76,775.65,two-year,fiber_optic,5,electronic_check,1
CUST-0117,28,91.47,2393.81,two-year,fiber_optic,0,bank_transfer,0
CUST-0118,23,22.63,491.64,month-to-month,none,1,electronic_check,1
CUST-0119,34,54.54,1748.95,month-to-month,dsl,1,mailed_check,0
CUST-0120,6,24.68,144.69,one-year,none,0,bank_transfer,0
CUST-0121,52,44.81,2416.79,month-to-month,fiber_optic,0,bank_transfer,0
CUST-0122,71,93.34,6517.66,one-year,fiber_optic,1,bank_transfer,0
CUST-0123,15,53.1,769.25,two-year,dsl,0,bank_transfer,0
CUST-0124,54,103.03,5542.44,one-year,fiber_optic,2,electronic_check,0
CUST-0125,12,82.43,898.99,two-year,fiber_optic,2,electronic_check,0
CUST-0126,16,19.69,284.02,month-to-month,none,0,credit_card,1
CUST-0127,40,49.09,1905.31,month-to-month,dsl,0,electronic_check,0
CUST-0128,29,18.68,557.29,two-year,none,1,credit_card,0
CUST-0129,35,101.38,3470.22,month-to-month,fiber_optic,0,bank_transfer,1
CUST-0130,4,72.2,280.7,month-to-month,dsl,1,mailed_check,1
CUST-0131,11,92.85,1027.83,two-year,fiber_optic,2,bank_transfer,0
CUST-0132,28,97.56,2689.01,two-year,fiber_optic,1,mailed_check,0
CUST-0133,6,30.45,203.83,month-to-month,none,3,electronic_check,1
CUST-0134,64,68.53,4311.79,one-year,fiber_optic,4,mailed_check,0
CUST-0135,10,49.15,493.98,month-to-month,dsl,1,mailed_check,0
CUST-0136,38,93.75,3640.83,month-to-month,fiber_optic,4,electronic_check,0
CUST-0137,12,78.44,952.43,month-to-month,fiber_optic,5,mailed_check,0
CUST-0138,10,70.85,735.77,one-year,fiber_optic,5,mailed_check,0
CUST-0139,19,57.96,1045.42,month-to-month,fiber_optic,2,electronic_check,0
CUST-0140,58,37.36,2262.27,one-year,none,4,bank_transfer,0
CUST-0141,57,83.95,4865.53,month-to-month,fiber_optic,1,electronic_check,1
CUST-0142,37,33.15,1171.84,month-to-month,none,0,credit_card,0
CUST-0143,6,21.05,132.76,month-to-month,none,0,bank_transfer,0
CUST-0144,44,88.54,4192.04,two-year,fiber_optic,11,bank_transfer,0
CUST-0145,21,26.85,521.86,month-to-month,none,0,mailed_check,0
CUST-0146,72,71.77,4855.97,one-year,fiber_optic,5,bank_transfer,0
CUST-0147,19,79.49,1476.52,two-year,fiber_optic,3,bank_transfer,0
CUST-0148,43,64.74,2768.9,two-year,dsl,0,credit_card,0
CUST-0149,55,102.44,5556.39,one-year,fiber_optic,3,electronic_check,1
CUST-0150,38,120,4801.06,two-year,fiber_optic,0,bank_transfer,0
CUST-0151,17,75.16,1193.98,one-year,fiber_optic,5,electronic_check,1
CUST-0152,31,50.59,1580.36,two-year,dsl,0,bank_transfer,0
CUST-0153,61,65.52,3904.5,two-year,fiber_optic,3,bank_transfer,0
CUST-0154,21,18,378.0,two-year,none,2,electronic_check,0
CUST-0155,14,62.66,890.28,one-year,dsl,0,electronic_check,1
CUST-0156,29,23.74,658.7,two-year,none,0,credit_card,0
CUST-0157,11,100.4,1036.62,month-to-month,fiber_optic,6,credit_card,0
CUST-0158,18,64.38,1168.26,two-year,dsl,0,bank_transfer,0
CUST-0159,68,62.98,4392.16,month-to-month,dsl,1,electronic_check,0
CUST-0160,64,79.98,5125.93,one-year,fiber_optic,1,mailed_check,0
CUST-0161,31,66.29,2040.7,one-year,fiber_optic,7,bank_transfer,0
CUST-0162,3,47.79,148.81,month-to-month,dsl,0,bank_transfer,0
CUST-0163,45,33.05,1425.71,month-to-month,dsl,0,electronic_check,0
CUST-0164,60,65.92,4162.94,two-year,dsl,3,electronic_check,1
CUST-0165,26,106.99,2713.68,month-to-month,fiber_optic,11,electronic_check,0
CUST-0166,25,23.37,571.22,month-to-month,none,1,electronic_check,0
CUST-0167,52,34.24,1763.35,one-year,none,0,mailed_check,0
CUST-0168,55,46.69,2459.51,month-to-month,dsl,0,credit_card,0
CUST-0169,40,39.67,1616.62,month-to-month,dsl,1,electronic_check,1
CUST-0170,8,44.07,360.95,month-to-month,dsl,8,mailed_check,1
CUST-0171,57,71.88,4247.02,month-to-month,fiber_optic,2,bank_transfer,0
CUST-0172,48,66.5,3099.03,month-to-month,fiber_optic,0,electronic_check,0
CUST-0173,4,44.18,174.12,one-year,dsl,0,mailed_check,0
CUST-0174,63,107.2,7002.93,month-to-month,fiber_optic,12,electronic_check,0
CUST-0175,41,51.82,2211.47,one-year,dsl,0,mailed_check,0
CUST-0176,47,54.95,2729.39,one-year,fiber_optic,0,electronic_check,0
CUST-0177,48,27.2,1289.59,month-to-month,none,0,electronic_check,1
CUST-0178,53,62.66,3207.32,two-year,fiber_optic,2,credit_card,0
CUST-0179,71,44.92,3333.33,one-year,fiber_optic,0,credit_card,0
CUST-0180,42,93.11,3751.9,two-year,fiber_optic,0,credit_card,0
CUST-0181,71,72.88,5379.6,month-to-month,dsl,1,bank_transfer,0
CUST-0182,44,50.54,2257.14,two-year,dsl,1,credit_card,0
CUST-0183,27,56.91,1537.9,two-year,fiber_optic,0,bank_transfer,0
CUST-0184,52,78.82,3879.59,month-to-month,fiber_optic,0,electronic_check,0
CUST-0185,41,73.62,3144.12,two-year,fiber_optic,3,credit_card,0
CUST-0186,16,84.11,1329.2,month-to-month,fiber_optic,2,electronic_check,1
CUST-0187,21,26.74,576.91,two-year,none,6,bank_transfer,0
CUST-0188,12,61.38,744.03,two-year,dsl,0,credit_card,0
CUST-0189,61,95.45,5992.6,month-to-month,fiber_optic,1,electronic_check,1
CUST-0190,72,57.61,3795.4,month-to-month,dsl,0,electronic_check,0
CUST-0191,16,110.46,1758.0,month-to-month,fiber_optic,1,mailed_check,1
CUST-0192,6,106.39,603.55,month-to-month,fiber_optic,3,electronic_check,1
CUST-0193,42,56.39,2216.18,two-year,fiber_optic,2,mailed_check,0
CUST-0194,39,83.9,3403.23,month-to-month,fiber_optic,0,electronic_check,0
CUST-0195,4,110.88,438.43,one-year,fiber_optic,1,bank_transfer,0
CUST-0196,49,60.44,3029.26,month-to-month,dsl,0,electronic_check,1
CUST-0197,20,67.73,1305.29,month-to-month,fiber_optic,4,mailed_check,0
CUST-0198,72,31.77,2259.94,month-to-month,dsl,2,mailed_check,0
CUST-0199,46,27.07,1199.18,one-year,none,0,bank_transfer,0
CUST-0200,39,51.79,1904.62,two-year,dsl,0,bank_transfer,0
CUST-0201,36,66.92,2335.62,month-to-month,dsl,0,mailed_check,1
CUST-0202,11,73.86,785.4,month-to-month,fiber_optic,3,electronic_check,0
CUST-0203,35,56.06,2107.99,month-to-month,dsl,0,bank_transfer,0
CUST-0204,61,51.25,2784.48,month-to-month,dsl,0,electronic_check,0
CUST-0205,61,72.54,4712.4,month-to-month,fiber_optic,5,credit_card,0
CUST-0206,5,98.93,519.62,two-year,fiber_optic,12,credit_card,1
CUST-0207,64,53.98,3501.0,month-to-month,dsl,0,credit_card,0
CUST-0208,59,34.27,2204.7,two-year,dsl,0,mailed_check,0
CUST-0209,15,54.5,810.75,month-to-month,dsl,0,bank_transfer,1
CUST-0210,52,76.58,3920.32,two-year,dsl,0,electronic_check,0
CUST-0211,32,83.09,2777.1,month-to-month,fiber_optic,2,mailed_check,1
CUST-0212,31,78.12,2303.17,month-to-month,fiber_optic,5,electronic_check,0
CUST-0213,40,47.87,1964.81,one-year,dsl,3,credit_card,0
CUST-0214,48,57.26,2551.1,month-to-month,dsl,0,mailed_check,1
CUST-0215,11,61.35,666.67,one-year,dsl,4,mailed_check,0
CUST-0216,22,49.22,1102.65,month-to-month,dsl,0,electronic_check,0
CUST-0217,8,70.62,576.13,month-to-month,dsl,4,mailed_check,0
CUST-0218,28,65.2,2095.01,one-year,fiber_optic,6,electronic_check,1
CUST-0219,61,90.5,4760.13,month-to-month,fiber_optic,2,bank_transfer,0
CUST-0220,49,77.62,3534.89,month-to-month,dsl,0,bank_transfer,1
CUST-0221,69,102.07,6533.26,month-to-month,fiber_optic,9,credit_card,1
CUST-0222,49,92.34,4439.2,two-year,fiber_optic,3,electronic_check,1
CUST-0223,54,25.18,1385.05,one-year,none,1,credit_card,0
CUST-0224,32,94.86,3097.4,one-year,fiber_optic,0,electronic_check,0
CUST-0225,38,18,656.47,month-to-month,none,2,bank_transfer,0
CUST-0226,67,120,8824.45,month-to-month,fiber_optic,6,electronic_check,0
CUST-0227,55,72.83,3851.89,one-year,fiber_optic,1,electronic_check,0
CUST-0228,24,40.5,948.11,two-year,dsl,1,credit_card,0
CUST-0229,72,73.27,5405.99,month-to-month,fiber_optic,1,mailed_check,0
CUST-0230,69,95.42,6377.53,one-year,fiber_optic,5,electronic_check,1
CUST-0231,72,70.64,5612.06,month-to-month,fiber_optic,0,credit_card,0
CUST-0232,62,77.94,4689.95,two-year,dsl,0,bank_transfer,0
CUST-0233,60,61.62,3679.76,one-year,fiber_optic,0,electronic_check,0
CUST-0234,27,82.36,2234.93,month-to-month,fiber_optic,0,bank_transfer,0
CUST-0235,54,71.4,3794.13,month-to-month,fiber_optic,1,electronic_check,0
CUST-0236,63,50.27,3305.55,two-year,dsl,0,mailed_check,0
CUST-0237,63,34.4,2132.15,month-to-month,none,2,credit_card,1
CUST-0238,1,31.65,31.59,month-to-month,none,1,electronic_check,1
CUST-0239,62,81.88,5101.21,one-year,fiber_optic,3,mailed_check,0
CUST-0240,56,23.54,1349.02,two-year,none,0,electronic_check,0
CUST-0241,46,63.56,3028.77,month-to-month,fiber_optic,11,mailed_check,0
CUST-0242,5,115.01,578.77,month-to-month,fiber_optic,0,bank_transfer,1
CUST-0243,56,120,6603.32,one-year,fiber_optic,6,credit_card,0
CUST-0244,61,42.08,2536.41,month-to-month,none,1,bank_transfer,1
CUST-0245,41,100.94,3792.0,month-to-month,fiber_optic,6,electronic_check,1
CUST-0246,50,73.41,3649.61,one-year,dsl,1,mailed_check,0
CUST-0247,45,66.55,3210.67,month-to-month,fiber_optic,7,credit_card,1
CUST-0248,35,70.63,2358.72,two-year,dsl,0,electronic_check,0
CUST-0249,49,53.57,2572.08,month-to-month,dsl,0,bank_transfer,0
CUST-0250,41,57.47,2168.74,month-to-month,fiber_optic,0,credit_card,1
CUST-0251,56,68.83,3884.07,month-to-month,dsl,0,mailed_check,0
CUST-0252,38,47.32,1535.53,month-to-month,dsl,0,bank_transfer,0
CUST-0253,49,92.36,4634.29,month-to-month,fiber_optic,0,electronic_check,1
CUST-0254,32,79.94,2491.47,one-year,dsl,0,bank_transfer,0
CUST-0255,49,100.85,4492.97,two-year,fiber_optic,9,electronic_check,0
CUST-0256,26,98.27,2467.41,month-to-month,fiber_optic,2,mailed_check,0
CUST-0257,32,54.32,1889.42,month-to-month,fiber_optic,0,bank_transfer,0
CUST-0258,4,54.84,210.93,two-year,dsl,3,bank_transfer,0
CUST-0259,53,84.81,4624.96,one-year,fiber_optic,1,electronic_check,0
CUST-0260,52,31.1,1597.92,one-year,none,4,credit_card,0
CUST-0261,69,25.13,1862.13,one-year,none,0,electronic_check,0
CUST-0262,52,68.26,3613.12,two-year,fiber_optic,0,bank_transfer,0
CUST-0263,72,35.0,2656.98,one-year,dsl,1,mailed_check,0
CUST-0264,14,24.98,363.56,month-to-month,none,0,electronic_check,1
CUST-0265,27,81.16,2072.92,one-year,fiber_optic,0,electronic_check,1
CUST-0266,44,61.55,2808.94,one-year,dsl,0,electronic_check,1
CUST-0267,72,48.39,3402.63,month-to-month,dsl,1,bank_transfer,0
CUST-0268,58,104.95,6226.56,one-year,fiber_optic,4,bank_transfer,1
CUST-0269,14,57.41,822.43,two-year,dsl,1,mailed_check,0
CUST-0270,50,57.57,2991.17,one-year,dsl,2,electronic_check,0
CUST-0271,39,50.72,2045.42,two-year,dsl,0,bank_transfer,0
CUST-0272,18,92.89,1489.66,one-year,fiber_optic,6,mailed_check,1
CUST-0273,22,78.67,1739.45,month-to-month,fiber_optic,1,electronic_check,0
CUST-0274,72,55.49,3665.39,one-year,dsl,0,bank_transfer,1
CUST-0275,4,87.6,364.68,two-year,fiber_optic,6,electronic_check,1
CUST-0276,66,71.2,4799.02,month-to-month,fiber_optic,4,bank_transfer,1
CUST-0277,57,31.44,1661.11,one-year,none,0,electronic_check,0
CUST-0278,12,24.96,301.76,month-to-month,none,1,bank_transfer,1
CUST-0279,55,86.87,4858.38,month-to-month,fiber_optic,1,electronic_check,1
CUST-0280,38,109.41,4469.79,month-to-month,fiber_optic,0,credit_card,0
CUST-0281,53,36.21,2056.79,two-year,none,0,credit_card,0
CUST-0282,51,27.66,1344.27,month-to-month,dsl,1,electronic_check,0
CUST-0283,12,66.85,771.42,month-to-month,dsl,0,bank_transfer,0
CUST-0284,12,40.11,475.85,one-year,dsl,0,bank_transfer,0
CUST-0285,55,51.04,2979.99,two-year,dsl,0,electronic_check,0
CUST-0286,7,33.85,264.09,month-to-month,dsl,0,credit_card,1
CUST-0287,55,49.81,2674.34,month-to-month,dsl,3,electronic_check,1
CUST-0288,48,76.62,3469.33,one-year,dsl,1,electronic_check,0
CUST-0289,12,94.63,1165.67,one-year,fiber_optic,2,mailed_check,0
CUST-0290,55,56.35,3336.82,one-year,dsl,0,electronic_check,0
CUST-0291,39,86.63,3773.28,month-to-month,dsl,0,bank_transfer,0
CUST-0292,57,84.5,5108.4,month-to-month,fiber_optic,1,bank_transfer,1
CUST-0293,13,72.38,980.97,month-to-month,fiber_optic,3,bank_transfer,1
CUST-0294,37,76.57,2767.76,two-year,dsl,0,credit_card,0
CUST-0295,51,107.43,5388.97,month-to-month,fiber_optic,0,credit_card,0
CUST-0296,2,25.03,52.14,two-year,none,1,electronic_check,0
CUST-0297,61,65.66,4069.56,two-year,dsl,0,electronic_check,0
CUST-0298,65,98.09,6124.47,two-year,fiber_optic,0,mailed_check,0
CUST-0299,11,65.61,713.57,one-year,fiber_optic,4,credit_card,1
CUST-0300,56,18,1054.11,one-year,none,0,electronic_check,0
CUST-0301,40,63.12,2530.25,one-year,dsl,0,electronic_check,0
CUST-0302,34,85.42,2868.65,month-to-month,fiber_optic,3,bank_transfer,1
CUST-0303,55,77.9,4244.76,month-to-month,fiber_optic,1,bank_transfer,0
CUST-0304,48,68.59,3254.92,month-to-month,dsl,1,credit_card,1
CUST-0305,2,75.38,164.87,month-to-month,dsl,5,mailed_check,0
CUST-0306,54,70.56,3658.67,month-to-month,fiber_optic,2,credit_card,1
CUST-0307,7,27.9,194.25,month-to-month,none,1,credit_card,1
CUST-0308,71,120,8670.33,month-to-month,fiber_optic,0,electronic_check,1
CUST-0309,64,29.39,1832.6,two-year,dsl,0,bank_transfer,0
CUST-0310,2,83.19,174.19,two-year,fiber_optic,0,bank_transfer,0
CUST-0311,31,29.06,929.32,month-to-month,none,0,credit_card,0
CUST-0312,48,83.79,3735.72,month-to-month,dsl,0,bank_transfer,0
CUST-0313,8,24.52,204.67,month-to-month,none,4,electronic_check,1
CUST-0314,35,18,631.91,month-to-month,none,0,electronic_check,0
CUST-0315,41,58.39,2493.15,month-to-month,dsl,0,credit_card,0
CUST-0316,6,28.21,163.88,month-to-month,none,1,electronic_check,1
CUST-0317,39,18,723.77,month-to-month,none,1,electronic_check,0
CUST-0318,18,107.27,1941.97,month-to-month,fiber_optic,1,bank_transfer,0
CUST-0319,11,92.23,1017.06,one-year,fiber_optic,9,credit_card,0
CUST-0320,43,26.46,1191.64,month-to-month,none,1,electronic_check,0
CUST-0321,49,91.23,4637.45,one-year,fiber_optic,5,electronic_check,1
CUST-0322,38,27.4,1084.79,month-to-month,none,0,mailed_check,0
CUST-0323,68,32.8,2243.8,month-to-month,none,1,mailed_check,0
CUST-0324,65,89.44,5755.5,month-to-month,fiber_optic,4,electronic_check,1
CUST-0325,61,61.8,3755.71,one-year,dsl,1,credit_card,0
CUST-0326,8,39.65,332.83,two-year,none,7,bank_transfer,0
CUST-0327,23,44.26,911.29,month-to-month,dsl,0,credit_card,0
CUST-0328,25,18,436.51,two-year,none,0,credit_card,0
CUST-0329,29,34.51,941.19,month-to-month,dsl,0,electronic_check,0
CUST-0330,8,79.26,643.44,month-to-month,dsl,5,credit_card,0
CUST-0331,48,48.15,2398.48,one-year,dsl,4,bank_transfer,0
CUST-0332,63,63.7,3852.91,one-year,fiber_optic,3,credit_card,0
CUST-0333,23,55.39,1277.4,month-to-month,dsl,1,electronic_check,0
CUST-0334,5,67.76,320.29,month-to-month,fiber_optic,0,credit_card,0
CUST-0335,43,105.53,4948.52,one-year,fiber_optic,0,credit_card,0
CUST-0336,58,57.39,3155.86,month-to-month,fiber_optic,3,bank_transfer,1
CUST-0337,57,18,1028.17,one-year,none,0,credit_card,0
CUST-0338,29,98.6,2824.52,month-to-month,fiber_optic,7,credit_card,1
CUST-0339,22,120,2509.63,two-year,fiber_optic,1,electronic_check,0
CUST-0340,56,81.09,4598.86,two-year,fiber_optic,0,credit_card,0
CUST-0341,71,52.83,3886.36,one-year,dsl,0,electronic_check,0
CUST-0342,47,68.32,3081.22,month-to-month,fiber_optic,0,credit_card,1
CUST-0343,38,58.68,2107.04,two-year,dsl,2,electronic_check,0
CUST-0344,48,113.53,5424.01,two-year,fiber_optic,0,mailed_check,0
CUST-0345,8,41.59,306.4,month-to-month,dsl,1,electronic_check,1
CUST-0346,50,70.64,3666.32,two-year,fiber_optic,5,mailed_check,0
CUST-0347,11,18,192.83,month-to-month,none,2,electronic_check,0
CUST-0348,58,24.51,1434.84,month-to-month,none,0,credit_card,0
CUST-0349,56,19.19,1048.12,month-to-month,none,1,electronic_check,0
CUST-0350,71,77.01,5804.16,month-to-month,fiber_optic,2,mailed_check,0
CUST-0351,54,40.08,2025.32,month-to-month,fiber_optic,0,bank_transfer,0
CUST-0352,69,33.57,2231.35,two-year,none,0,electronic_check,0
CUST-0353,52,85.56,4561.79,month-to-month,dsl,0,bank_transfer,0
CUST-0354,48,38.2,1813.39,month-to-month,none,1,electronic_check,1
CUST-0355,30,27.91,807.82,month-to-month,none,0,mailed_check,1
CUST-0356,53,47.33,2573.63,one-year,dsl,0,credit_card,0
CUST-0357,65,46.58,2988.59,month-to-month,dsl,2,mailed_check,1
CUST-0358,7,59.92,430.52,two-year,dsl,2,electronic_check,1
CUST-0359,4,71.5,282.02,month-to-month,dsl,2,mailed_check,1
CUST-0360,12,116.64,1236.88,month-to-month,fiber_optic,4,electronic_check,1
CUST-0361,27,91.47,2262.55,month-to-month,fiber_optic,0,electronic_check,1
CUST-0362,2,43.57,85.55,month-to-month,dsl,0,credit_card,0
CUST-0363,45,57.28,2554.3,month-to-month,fiber_optic,2,electronic_check,0
CUST-0364,48,57.68,2705.07,one-year,dsl,0,electronic_check,0
CUST-0365,42,98.14,4013.2,two-year,fiber_optic,0,bank_transfer,0
CUST-0366,52,22.98,1079.26,one-year,dsl,0,bank_transfer,0
CUST-0367,50,60.54,2900.0,one-year,dsl,1,credit_card,0
CUST-0368,46,18,846.68,one-year,none,0,credit_card,0
CUST-0369,34,85.39,2801.38,one-year,dsl,1,credit_card,0
CUST-0370,54,99.0,5203.42,two-year,fiber_optic,1,electronic_check,0
CUST-0371,10,74.64,704.83,month-to-month,fiber_optic,2,electronic_check,0
CUST-0372,44,48.78,2056.03,month-to-month,dsl,1,credit_card,0
CUST-0373,63,33.2,2132.49,month-to-month,none,0,electronic_check,1
CUST-0374,12,59.08,672.53,month-to-month,fiber_optic,0,mailed_check,0
CUST-0375,48,23.51,1126.4,two-year,none,0,bank_transfer,0
CUST-0376,40,70.75,2961.34,month-to-month,fiber_optic,0,bank_transfer,1
CUST-0377,67,103.32,6913.42,one-year,fiber_optic,5,credit_card,0
CUST-0378,52,95.0,4952.55,month-to-month,fiber_optic,1,credit_card,1
CUST-0379,5,40.59,193.43,month-to-month,dsl,0,bank_transfer,1
CUST-0380,15,108.9,1587.02,month-to-month,fiber_optic,2,mailed_check,0
CUST-0381,39,62.73,2313.99,month-to-month,fiber_optic,1,mailed_check,0
CUST-0382,37,70.76,2649.88,month-to-month,fiber_optic,1,electronic_check,1
CUST-0383,53,97.22,5730.84,month-to-month,fiber_optic,1,mailed_check,0
CUST-0384,64,85.51,5451.73,month-to-month,fiber_optic,0,mailed_check,1
CUST-0385,38,112.51,3978.18,month-to-month,fiber_optic,1,credit_card,1
CUST-0386,6,66.12,376.76,month-to-month,fiber_optic,12,bank_transfer,1
CUST-0387,12,67.11,831.4,month-to-month,fiber_optic,4,electronic_check,1
CUST-0388,22,39.1,883.91,month-to-month,dsl,0,electronic_check,0
CUST-0389,57,114.88,6637.71,month-to-month,fiber_optic,4,mailed_check,0
CUST-0390,15,83.24,1243.06,two-year,fiber_optic,5,electronic_check,0
CUST-0391,29,31.95,916.14,two-year,dsl,0,electronic_check,0
CUST-0392,50,19.86,987.23,month-to-month,none,3,credit_card,0
CUST-0393,61,19.07,1165.54,two-year,none,4,electronic_check,0
CUST-0394,52,89.42,4560.36,two-year,fiber_optic,1,mailed_check,0
CUST-0395,64,109.61,7113.87,one-year,fiber_optic,4,mailed_check,0
CUST-0396,66,18,1128.04,one-year,dsl,2,mailed_check,0
CUST-0397,43,41.89,1682.01,one-year,dsl,0,mailed_check,0
CUST-0398,38,70.86,2817.69,one-year,fiber_optic,4,electronic_check,0
CUST-0399,53,68.57,3557.14,month-to-month,dsl,0,electronic_check,1
CUST-0400,54,31.64,1837.36,month-to-month,dsl,0,bank_transfer,0
CUST-0401,65,88.48,5953.39,month-to-month,dsl,2,mailed_check,0
CUST-0402,23,87.55,2130.93,one-year,fiber_optic,2,credit_card,1
CUST-0403,50,55.17,2897.42,month-to-month,dsl,0,bank_transfer,1
CUST-0404,66,81.08,5202.63,month-to-month,dsl,1,credit_card,1
CUST-0405,38,19.64,647.99,one-year,none,0,electronic_check,0
CUST-0406,46,49.37,2228.85,one-year,dsl,2,credit_card,0
CUST-0407,55,68.66,3998.89,two-year,dsl,0,electronic_check,0
CUST-0408,33,73.15,2456.89,month-to-month,fiber_optic,1,bank_transfer,0
CUST-0409,72,57.05,4466.23,two-year,dsl,1,bank_transfer,0
CUST-0410,50,76.55,3889.69,month-to-month,dsl,1,bank_transfer,1
CUST-0411,57,18,957.14,two-year,none,0,bank_transfer,0
CUST-0412,38,18,738.2,month-to-month,none,0,electronic_check,1
CUST-0413,36,84.44,3175.94,one-year,fiber_optic,3,bank_transfer,0
CUST-0414,7,62.16,422.98,two-year,dsl,2,credit_card,1
CUST-0415,41,26.06,1037.79,one-year,none,0,mailed_check,0
CUST-0416,43,95.58,3938.2,month-to-month,fiber_optic,2,credit_card,0
CUST-0417,2,56.94,103.94,month-to-month,fiber_optic,1,electronic_check,1
CUST-0418,15,62.75,1015.48,month-to-month,dsl,0,electronic_check,0
CUST-0419,58,81.45,4812.62,month-to-month,fiber_optic,0,bank_transfer,0
CUST-0420,9,50.42,436.76,month-to-month,dsl,0,electronic_check,0
CUST-0421,56,30.04,1758.97,one-year,none,0,bank_transfer,0
CUST-0422,72,26.4,1813.74,month-to-month,none,0,credit_card,0
CUST-0423,50,36.46,1719.37,one-year,dsl,1,bank_transfer,0
CUST-0424,14,49.45,676.73,month-to-month,dsl,0,bank_transfer,0
CUST-0425,4,34.24,144.7,month-to-month,dsl,2,electronic_check,0
CUST-0426,48,82.23,3983.4,two-year,fiber_optic,2,credit_card,0
CUST-0427,71,100.09,6920.59,two-year,fiber_optic,1,bank_transfer,0
CUST-0428,29,65.97,1854.15,one-year,fiber_optic,0,electronic_check,0
CUST-0429,71,61.22,4387.21,month-to-month,dsl,1,electronic_check,1
CUST-0430,31,56.08,1699.17,month-to-month,dsl,1,credit_card,1
CUST-0431,20,83.23,1668.17,one-year,fiber_optic,0,electronic_check,0
CUST-0432,47,79.22,3552.6,month-to-month,dsl,0,credit_card,0
CUST-0433,23,104.47,2178.35,one-year,fiber_optic,0,electronic_check,0
CUST-0434,3,34.06,94.48,two-year,dsl,0,credit_card,1
CUST-0435,34,26.2,848.82,one-year,none,0,mailed_check,0
CUST-0436,60,52.8,3284.78,one-year,fiber_optic,8,mailed_check,0
CUST-0437,22,61.38,1315.04,two-year,fiber_optic,5,electronic_check,0
CUST-0438,6,74.35,441.6,month-to-month,dsl,0,electronic_check,0
CUST-0439,47,36.21,1732.4,month-to-month,none,0,credit_card,1
CUST-0440,34,50.81,1644.46,one-year,dsl,2,mailed_check,1
CUST-0441,33,18,641.68,month-to-month,none,0,mailed_check,0
CUST-0442,18,88.05,1576.2,month-to-month,fiber_optic,0,mailed_check,0
CUST-0443,16,107.71,1807.81,one-year,fiber_optic,1,electronic_check,0
CUST-0444,32,43.31,1372.47,month-to-month,dsl,1,electronic_check,1
CUST-0445,34,75.97,2547.64,two-year,dsl,2,mailed_check,0
CUST-0446,28,18,526.72,month-to-month,none,1,credit_card,0
CUST-0447,24,41.65,895.73,one-year,dsl,1,electronic_check,1
CUST-0448,3,28.27,82.7,month-to-month,none,0,mailed_check,1
CUST-0449,5,73.35,381.62,two-year,dsl,6,bank_transfer,0
CUST-0450,56,84.76,4578.19,one-year,fiber_optic,4,electronic_check,0
CUST-0451,49,30.46,1409.07,month-to-month,none,0,credit_card,0
CUST-0452,11,38.63,437.41,month-to-month,none,4,mailed_check,1
CUST-0453,16,91.86,1398.75,one-year,fiber_optic,0,electronic_check,1
CUST-0454,69,96.89,6448.64,month-to-month,fiber_optic,1,electronic_check,0
CUST-0455,62,74.64,4605.76,month-to-month,dsl,1,mailed_check,0
CUST-0456,16,91.51,1490.93,one-year,fiber_optic,1,bank_transfer,0
CUST-0457,71,38.65,2869.31,one-year,dsl,1,electronic_check,0
CUST-0458,12,64.76,814.32,month-to-month,fiber_optic,10,electronic_check,0
CUST-0459,67,25.73,1670.99,month-to-month,none,0,electronic_check,0
CUST-0460,67,87.62,5658.49,month-to-month,fiber_optic,0,bank_transfer,1
CUST-0461,31,23.69,770.98,one-year,none,1,electronic_check,1
CUST-0462,9,60.61,511.88,two-year,dsl,1,bank_transfer,0
CUST-0463,29,71.13,2026.39,one-year,fiber_optic,1,credit_card,0
CUST-0464,15,26.92,414.01,two-year,none,1,credit_card,0
CUST-0465,62,38.88,2444.81,two-year,dsl,1,credit_card,0
CUST-0466,29,86.7,2659.96,one-year,fiber_optic,0,electronic_check,0
CUST-0467,32,71.1,2396.37,month-to-month,fiber_optic,0,bank_transfer,0
CUST-0468,24,64.7,1500.98,two-year,dsl,1,credit_card,0
CUST-0469,27,18,519.19,month-to-month,none,0,credit_card,0
CUST-0470,1,72.73,67.7,two-year,dsl,1,electronic_check,0
CUST-0471,36,23.93,891.46,month-to-month,none,1,credit_card,0
CUST-0472,70,96.96,6847.99,month-to-month,fiber_optic,0,credit_card,0
CUST-0473,41,69.5,2787.89,one-year,fiber_optic,2,electronic_check,0
CUST-0474,61,110.18,6409.96,two-year,fiber_optic,3,electronic_check,0
CUST-0475,52,72.2,3692.33,month-to-month,fiber_optic,0,electronic_check,0
CUST-0476,49,30.82,1499.77,month-to-month,none,0,bank_transfer,1
CUST-0477,67,84.76,6240.44,one-year,fiber_optic,0,mailed_check,1
CUST-0478,33,60.22,1939.57,month-to-month,dsl,0,mailed_check,0
CUST-0479,33,73.32,2270.43,month-to-month,fiber_optic,2,mailed_check,0
CUST-0480,37,39.92,1463.93,month-to-month,dsl,0,mailed_check,0
CUST-0481,19,36.79,721.71,two-year,dsl,0,credit_card,0
CUST-0482,41,80.52,3220.61,month-to-month,fiber_optic,1,electronic_check,0
CUST-0483,47,69.61,3550.34,one-year,dsl,0,mailed_check,0
CUST-0484,11,100.16,1159.28,month-to-month,fiber_optic,0,electronic_check,0
CUST-0485,68,101.36,7308.71,two-year,fiber_optic,5,electronic_check,1
CUST-0486,17,30.62,493.85,month-to-month,none,0,electronic_check,0
CUST-0487,70,72.7,4988.25,two-year,dsl,1,electronic_check,0
CUST-0488,56,61.72,3332.91,one-year,dsl,1,electronic_check,0
CUST-0489,47,51.66,2398.15,month-to-month,fiber_optic,0,electronic_check,0
CUST-0490,63,73.07,4429.79,two-year,dsl,0,electronic_check,1
CUST-0491,48,25.01,1295.58,month-to-month,none,1,mailed_check,1
CUST-0492,31,45.67,1396.31,one-year,dsl,1,bank_transfer,0
CUST-0493,35,22.2,830.6,month-to-month,none,1,electronic_check,1
CUST-0494,3,36.06,112.52,month-to-month,none,0,electronic_check,1
CUST-0495,2,75.56,156.59,month-to-month,fiber_optic,6,mailed_check,0
CUST-0496,43,54.79,2343.8,month-to-month,dsl,0,electronic_check,1
CUST-0497,33,25.69,815.9,two-year,none,1,electronic_check,1
CUST-0498,59,96.48,5765.26,one-year,fiber_optic,8,bank_transfer,0
CUST-0499,21,69.85,1459.5,one-year,fiber_optic,2,credit_card,0
CUST-0500,28,120,3657.47,two-year,fiber_optic,2,mailed_check,0
CUST-0501,32,58.39,1887.95,month-to-month,fiber_optic,1,bank_transfer,1
CUST-0502,44,27.5,1290.96,two-year,none,1,bank_transfer,0
CUST-0503,17,73.64,1206.27,month-to-month,fiber_optic,5,bank_transfer,1
CUST-0504,18,80.87,1370.8,month-to-month,fiber_optic,1,bank_transfer,0
CUST-0505,70,71.27,4506.43,month-to-month,dsl,0,electronic_check,1
CUST-0506,34,58.65,1832.03,one-year,dsl,2,bank_transfer,0
CUST-0507,47,71.44,3182.5,two-year,fiber_optic,1,bank_transfer,0
CUST-0508,37,52.35,1901.35,month-to-month,dsl,2,electronic_check,1
CUST-0509,5,29.26,140.29,month-to-month,dsl,2,electronic_check,1
CUST-0510,47,51.23,2562.43,month-to-month,dsl,3,electronic_check,0
CUST-0511,60,104.2,6129.34,two-year,fiber_optic,1,bank_transfer,0
CUST-0512,6,18,109.39,one-year,none,0,electronic_check,1
CUST-0513,50,48.35,2363.73,month-to-month,dsl,1,electronic_check,0
CUST-0514,46,58.6,2885.28,one-year,dsl,0,mailed_check,0
CUST-0515,21,70.51,1426.9,one-year,dsl,6,credit_card,0
CUST-0516,42,42.2,1792.33,one-year,dsl,0,electronic_check,0
CUST-0517,58,84.22,4928.01,two-year,fiber_optic,0,electronic_check,0
CUST-0518,28,83.54,2304.37,two-year,fiber_optic,2,credit_card,0
CUST-0519,20,52.04,1149.57,month-to-month,dsl,0,electronic_check,0
CUST-0520,28,67.67,1977.23,one-year,dsl,1,bank_transfer,0
CUST-0521,13,77.83,1002.36,one-year,fiber_optic,0,bank_transfer,0
CUST-0522,54,66.66,3594.53,two-year,fiber_optic,6,bank_transfer,0
CUST-0523,49,42.75,2057.79,month-to-month,dsl,1,electronic_check,0
CUST-0524,58,73.42,3917.96,two-year,dsl,0,electronic_check,0
CUST-0525,61,105.32,6617.72,one-year,fiber_optic,3,mailed_check,0
CUST-0526,63,60.9,4070.49,month-to-month,dsl,0,bank_transfer,0
CUST-0527,56,21.04,1123.73,month-to-month,none,0,electronic_check,1
CUST-0528,40,109.24,4469.01,month-to-month,fiber_optic,1,credit_card,0
CUST-0529,30,90.88,2673.24,month-to-month,fiber_optic,0,bank_transfer,0
CUST-0530,37,44.19,1618.35,month-to-month,dsl,0,electronic_check,0
CUST-0531,27,21.5,517.26,one-year,dsl,1,mailed_check,0
CUST-0532,68,68.06,4706.33,month-to-month,fiber_optic,0,electronic_check,0
CUST-0533,2,67.1,130.9,month-to-month,dsl,0,bank_transfer,1
CUST-0534,49,85.0,3885.5,one-year,dsl,0,credit_card,1
CUST-0535,59,66.3,3833.43,one-year,dsl,0,electronic_check,0
CUST-0536,46,81.15,3391.73,one-year,fiber_optic,2,credit_card,0
CUST-0537,4,20.64,86.02,two-year,none,0,electronic_check,0
CUST-0538,30,36.95,1079.63,month-to-month,dsl,0,mailed_check,1
CUST-0539,18,69.81,1329.79,one-year,dsl,2,electronic_check,0
CUST-0540,19,46.44,931.93,one-year,dsl,1,electronic_check,1
CUST-0541,19,41.76,814.44,one-year,dsl,0,credit_card,0
CUST-0542,36,67.87,2795.32,month-to-month,fiber_optic,2,electronic_check,0
CUST-0543,30,115.55,3610.9,one-year,fiber_optic,0,electronic_check,0
CUST-0544,24,41.11,991.05,two-year,dsl,1,electronic_check,1
CUST-0545,35,88.95,3213.97,two-year,fiber_optic,0,bank_transfer,0
CUST-0546,42,22.58,959.0,two-year,none,2,mailed_check,0
CUST-0547,51,24.75,1241.9,one-year,dsl,1,bank_transfer,0
CUST-0548,6,82.16,499.9,two-year,fiber_optic,1,mailed_check,0
CUST-0549,7,87.43,587.17,month-to-month,fiber_optic,0,credit_card,0
CUST-0550,19,87.33,1607.04,month-to-month,dsl,1,electronic_check,0
CUST-0551,70,96.55,7165.62,month-to-month,fiber_optic,3,mailed_check,1
CUST-0552,21,106.03,2126.21,one-year,fiber_optic,1,electronic_check,1
CUST-0553,66,96.78,6440.74,one-year,fiber_optic,1,bank_transfer,1
CUST-0554,19,33.38,614.4,month-to-month,dsl,0,mailed_check,0
CUST-0555,16,25.12,398.78,two-year,none,0,electronic_check,0
CUST-0556,64,55.23,3473.98,month-to-month,dsl,1,mailed_check,1
CUST-0557,71,57.52,4209.87,month-to-month,dsl,0,credit_card,1
CUST-0558,39,94.11,3779.07,month-to-month,fiber_optic,0,electronic_check,0
CUST-0559,72,61.03,4353.62,month-to-month,dsl,0,bank_transfer,1
CUST-0560,55,99.35,5854.02,two-year,fiber_optic,0,mailed_check,0
CUST-0561,27,52.32,1313.98,one-year,dsl,5,electronic_check,0
CUST-0562,37,26.25,910.82,month-to-month,none,3,electronic_check,0
CUST-0563,64,63.77,4334.39,one-year,dsl,1,mailed_check,1
CUST-0564,16,84.85,1339.8,one-year,fiber_optic,1,bank_transfer,0
CUST-0565,28,89.29,2396.3,month-to-month,fiber_optic,1,electronic_check,0
CUST-0566,44,56.49,2525.8,month-to-month,dsl,2,credit_card,0
CUST-0567,62,34.07,2129.55,two-year,dsl,2,bank_transfer,0
CUST-0568,53,80.84,3988.41,two-year,fiber_optic,2,mailed_check,1
CUST-0569,43,31.37,1338.53,two-year,none,0,mailed_check,0
CUST-0570,50,82.12,3960.8,month-to-month,fiber_optic,3,bank_transfer,1
CUST-0571,12,98.29,1166.94,month-to-month,fiber_optic,0,mailed_check,0
CUST-0572,12,107.73,1250.77,month-to-month,fiber_optic,6,mailed_check,0
CUST-0573,68,120,8830.73,month-to-month,fiber_optic,1,bank_transfer,1
CUST-0574,50,54.54,2916.33,one-year,dsl,1,electronic_check,1
CUST-0575,60,84.88,5038.52,two-year,fiber_optic,3,bank_transfer,0
CUST-0576,37,74.49,2814.05,month-to-month,fiber_optic,0,mailed_check,1
CUST-0577,72,80.39,5933.4,one-year,fiber_optic,3,mailed_check,1
CUST-0578,44,99.66,4442.96,one-year,fiber_optic,1,electronic_check,1
CUST-0579,51,66.99,3189.53,month-to-month,dsl,1,bank_transfer,0
CUST-0580,69,38.63,2611.87,month-to-month,none,1,bank_transfer,0
CUST-0581,13,44.37,581.33,month-to-month,dsl,0,bank_transfer,0
CUST-0582,51,18,944.08,month-to-month,none,0,electronic_check,1
CUST-0583,15,57.3,801.34,month-to-month,dsl,0,electronic_check,0
CUST-0584,42,107.23,4211.74,one-year,fiber_optic,0,electronic_check,1
CUST-0585,21,95.45,1881.1,two-year,fiber_optic,3,electronic_check,0
CUST-0586,31,65.43,1982.56,month-to-month,dsl,0,bank_transfer,0
CUST-0587,42,27.92,1166.55,one-year,none,0,electronic_check,0
CUST-0588,64,53.39,3561.74,one-year,fiber_optic,3,electronic_check,0
CUST-0589,19,42.79,783.62,one-year,dsl,0,electronic_check,0
CUST-0590,39,20.3,895.48,two-year,none,1,bank_transfer,0
CUST-0591,66,67.82,4682.92,month-to-month,fiber_optic,0,electronic_check,0
CUST-0592,37,49.5,1768.4,two-year,fiber_optic,1,bank_transfer,0
CUST-0593,70,48.8,3303.78,month-to-month,fiber_optic,1,electronic_check,0
CUST-0594,17,93.2,1568.01,month-to-month,fiber_optic,1,electronic_check,0
CUST-0595,11,34.68,363.25,month-to-month,none,7,credit_card,1
CUST-0596,58,69.6,4273.56,month-to-month,fiber_optic,3,mailed_check,0
CUST-0597,35,74.26,2576.14,month-to-month,dsl,1,mailed_check,0
CUST-0598,19,66.22,1258.37,one-year,dsl,0,credit_card,0
CUST-0599,12,43.87,491.58,month-to-month,dsl,0,bank_transfer,0
CUST-0600,69,45.08,2862.19,two-year,dsl,0,mailed_check,0
CUST-0601,38,84.88,2965.58,month-to-month,fiber_optic,2,credit_card,1
CUST-0602,7,93.52,691.78,one-year,fiber_optic,0,bank_transfer,1
CUST-0603,36,53.92,2100.6,month-to-month,dsl,1,electronic_check,0
CUST-0604,48,67.46,2949.19,two-year,fiber_optic,4,bank_transfer,0
CUST-0605,11,68.12,695.94,two-year,dsl,1,credit_card,0
CUST-0606,22,69.77,1454.25,month-to-month,dsl,0,electronic_check,1
CUST-0607,52,64.67,3305.41,month-to-month,dsl,1,credit_card,0
CUST-0608,56,28.98,1532.84,month-to-month,none,1,mailed_check,1
CUST-0609,69,38.77,2544.89,one-year,none,0,mailed_check,0
CUST-0610,51,61.78,3023.39,month-to-month,dsl,0,electronic_check,0
CUST-0611,24,103.74,2542.82,month-to-month,fiber_optic,1,electronic_check,0
CUST-0612,33,67.89,2392.08,month-to-month,fiber_optic,4,electronic_check,0
CUST-0613,16,105.02,1769.79,one-year,fiber_optic,5,credit_card,0
CUST-0614,24,39.19,872.1,month-to-month,dsl,0,credit_card,0
CUST-0615,42,68.75,2942.21,month-to-month,dsl,6,electronic_check,1
CUST-0616,9,39.63,365.69,month-to-month,none,0,bank_transfer,0
CUST-0617,28,84.7,2403.14,one-year,fiber_optic,0,mailed_check,1
CUST-0618,64,29.26,1834.96,month-to-month,dsl,1,credit_card,0
CUST-0619,1,18,18.68,one-year,none,4,mailed_check,1
CUST-0620,62,36.76,2230.67,month-to-month,dsl,0,credit_card,0
CUST-0621,12,32.33,360.4,month-to-month,none,0,electronic_check,0
CUST-0622,25,109.34,2674.34,month-to-month,fiber_optic,5,electronic_check,1
CUST-0623,25,65.66,1589.04,month-to-month,fiber_optic,0,bank_transfer,0
CUST-0624,58,80.68,4483.66,two-year,fiber_optic,1,electronic_check,1
CUST-0625,67,66.71,4706.36,month-to-month,dsl,3,credit_card,0
CUST-0626,61,56.9,3453.37,two-year,dsl,1,electronic_check,0
CUST-0627,13,88.92,1131.0,month-to-month,fiber_optic,1,bank_transfer,0
CUST-0628,55,19.62,1056.75,month-to-month,none,1,bank_transfer,0
CUST-0629,42,43.69,1789.18,two-year,dsl,0,bank_transfer,0
CUST-0630,71,101.06,7599.95,month-to-month,fiber_optic,2,bank_transfer,1
CUST-0631,21,57.78,1237.06,month-to-month,dsl,1,electronic_check,0
CUST-0632,61,71.47,4137.37,one-year,fiber_optic,6,bank_transfer,0
CUST-0633,5,78.89,413.84,one-year,dsl,0,bank_transfer,1
CUST-0634,68,64.36,4636.04,two-year,dsl,0,credit_card,0
CUST-0635,27,64.18,1523.54,month-to-month,fiber_optic,1,bank_transfer,1
CUST-0636,47,111.65,5397.76,month-to-month,fiber_optic,0,electronic_check,0
CUST-0637,69,78.75,5818.16,month-to-month,dsl,1,mailed_check,1
CUST-0638,42,75.23,3172.84,month-to-month,fiber_optic,0,electronic_check,0
CUST-0639,10,76.09,829.82,month-to-month,dsl,1,credit_card,0
CUST-0640,46,92.04,4207.47,two-year,fiber_optic,0,electronic_check,0
CUST-0641,59,52.55,3187.37,month-to-month,dsl,1,electronic_check,0
CUST-0642,71,72.29,4287.98,two-year,fiber_optic,2,credit_card,0
CUST-0643,36,85.29,3234.28,month-to-month,fiber_optic,0,credit_card,0
CUST-0644,1,63.72,63.33,month-to-month,fiber_optic,2,credit_card,1
CUST-0645,13,117.35,1535.2,month-to-month,fiber_optic,7,bank_transfer,1
CUST-0646,12,64.3,723.08,month-to-month,dsl,1,electronic_check,0
CUST-0647,60,26.91,1539.36,two-year,none,0,mailed_check,0
CUST-0648,43,55.5,2333.82,one-year,fiber_optic,2,bank_transfer,0
CUST-0649,11,41.3,449.69,one-year,fiber_optic,1,credit_card,0
CUST-0650,6,91.26,586.84,month-to-month,fiber_optic,0,bank_transfer,0
CUST-0651,31,55.43,1544.42,one-year,dsl,1,bank_transfer,0
CUST-0652,35,51.17,1722.42,one-year,fiber_optic,1,electronic_check,0
CUST-0653,61,49.52,3223.72,one-year,dsl,1,mailed_check,0
CUST-0654,9,20.1,176.51,month-to-month,none,8,electronic_check,1
CUST-0655,22,67.86,1428.9,month-to-month,dsl,1,mailed_check,0
CUST-0656,17,120,2105.43,month-to-month,fiber_optic,0,bank_transfer,0
CUST-0657,67,74.2,4795.94,one-year,fiber_optic,2,electronic_check,0
CUST-0658,39,18,708.15,one-year,none,0,electronic_check,0
CUST-0659,7,76.3,523.38,month-to-month,fiber_optic,3,credit_card,0
CUST-0660,20,96.31,1833.52,month-to-month,fiber_optic,1,credit_card,1
CUST-0661,5,18,93.9,one-year,none,2,electronic_check,0
CUST-0662,19,26.24,529.34,two-year,none,0,electronic_check,0
CUST-0663,38,110.93,4182.03,month-to-month,fiber_optic,0,credit_card,0
CUST-0664,15,18.05,259.72,one-year,none,0,electronic_check,0
CUST-0665,58,93.26,5720.31,month-to-month,fiber_optic,3,bank_transfer,1
CUST-0666,58,19.75,1093.09,one-year,none,1,credit_card,0
CUST-0667,8,96.66,743.76,two-year,fiber_optic,1,electronic_check,0
CUST-0668,72,68.63,5386.7,month-to-month,dsl,0,mailed_check,0
CUST-0669,55,75.91,4107.94,one-year,fiber_optic,0,credit_card,0
CUST-0670,49,83.22,3854.61,month-to-month,fiber_optic,3,credit_card,0
CUST-0671,18,18,325.78,month-to-month,none,0,electronic_check,0
CUST-0672,29,73.09,2312.92,month-to-month,fiber_optic,1,electronic_check,0
CUST-0673,37,55.25,2095.76,month-to-month,dsl,0,bank_transfer,0
CUST-0674,62,24.89,1425.74,one-year,none,0,bank_transfer,0
CUST-0675,3,67.6,221.65,two-year,fiber_optic,0,electronic_check,0
CUST-0676,46,98.65,4669.82,month-to-month,fiber_optic,2,bank_transfer,0
CUST-0677,22,22.31,471.76,one-year,none,1,credit_card,0
CUST-0678,19,48.77,884.56,month-to-month,dsl,2,mailed_check,1
CUST-0679,20,18,350.08,one-year,none,3,bank_transfer,0
CUST-0680,15,18,271.72,month-to-month,none,0,electronic_check,0
CUST-0681,18,25.62,440.14,two-year,none,1,bank_transfer,0
CUST-0682,19,91.6,1831.28,one-year,fiber_optic,3,electronic_check,1
CUST-0683,3,75.75,239.89,two-year,dsl,1,electronic_check,1
CUST-0684,9,88.66,836.51,month-to-month,fiber_optic,3,electronic_check,1
CUST-0685,45,80.49,3857.0,month-to-month,fiber_optic,1,bank_transfer,0
CUST-0686,65,57.49,3867.03,one-year,fiber_optic,0,bank_transfer,0
CUST-0687,69,80.7,5307.87,month-to-month,dsl,0,credit_card,0
CUST-0688,14,72.88,1028.48,month-to-month,fiber_optic,0,mailed_check,0
CUST-0689,16,47.04,776.4,month-to-month,dsl,1,mailed_check,1
CUST-0690,59,96.53,5355.64,one-year,fiber_optic,0,credit_card,0
CUST-0691,25,32.1,788.16,two-year,none,0,credit_card,0
CUST-0692,67,58.46,3704.48,one-year,fiber_optic,0,electronic_check,0
CUST-0693,22,18,361.99,month-to-month,none,0,electronic_check,1
CUST-0694,35,18,601.13,two-year,none,3,credit_card,0
CUST-0695,66,54.92,3837.27,month-to-month,dsl,1,electronic_check,1
CUST-0696,9,91.86,797.62,month-to-month,fiber_optic,1,electronic_check,1
CUST-0697,10,42.78,431.58,one-year,dsl,1,mailed_check,0
CUST-0698,70,24.7,1555.13,one-year,none,0,electronic_check,0
CUST-0699,49,66.26,3009.0,month-to-month,fiber_optic,5,electronic_check,1
CUST-0700,50,103.21,4950.41,month-to-month,fiber_optic,2,bank_transfer,0
CUST-0701,21,112.24,2327.33,one-year,fiber_optic,1,mailed_check,1
CUST-0702,6,82.55,458.87,month-to-month,fiber_optic,3,credit_card,1
CUST-0703,55,77.02,4100.54,month-to-month,fiber_optic,2,mailed_check,1
CUST-0704,40,60.87,2608.18,month-to-month,fiber_optic,1,mailed_check,0
CUST-0705,54,69.55,3739.36,month-to-month,dsl,0,bank_transfer,1
CUST-0706,27,43.0,1118.23,month-to-month,dsl,0,bank_transfer,0
CUST-0707,64,28.27,1758.56,one-year,none,0,electronic_check,0
CUST-0708,12,73.72,876.28,one-year,dsl,0,bank_transfer,0
CUST-0709,45,60.33,2578.55,two-year,dsl,0,electronic_check,0
CUST-0710,59,69.48,3927.81,one-year,dsl,0,credit_card,0
CUST-0711,60,74.67,4090.42,month-to-month,dsl,3,credit_card,1
CUST-0712,60,78.05,4605.22,month-to-month,fiber_optic,0,bank_transfer,0
CUST-0713,9,23.91,221.38,one-year,none,3,electronic_check,1
CUST-0714,4,30.88,117.37,month-to-month,none,2,mailed_check,1
CUST-0715,21,80.61,1798.25,month-to-month,fiber_optic,2,bank_transfer,0
CUST-0716,8,93.4,801.1,two-year,fiber_optic,2,bank_transfer,0
CUST-0717,12,25.91,331.07,month-to-month,none,0,credit_card,0
CUST-0718,68,33.13,2399.69,month-to-month,none,0,electronic_check,0
CUST-0719,50,56.42,2886.69,two-year,dsl,0,credit_card,0
CUST-0720,8,105.25,824.06,month-to-month,fiber_optic,4,credit_card,0
CUST-0721,19,93.8,1812.9,month-to-month,dsl,1,credit_card,0
CUST-0722,31,60.27,1806.73,month-to-month,fiber_optic,2,bank_transfer,0
CUST-0723,31,41.77,1406.29,two-year,fiber_optic,0,credit_card,0
CUST-0724,27,104.98,2728.26,two-year,fiber_optic,2,mailed_check,0
CUST-0725,36,18,654.04,two-year,none,2,credit_card,0
CUST-0726,21,24.95,485.49,one-year,dsl,1,mailed_check,0
CUST-0727,4,34.87,142.96,two-year,dsl,0,electronic_check,0
CUST-0728,15,67.18,1049.19,month-to-month,dsl,2,credit_card,0
CUST-0729,41,29.96,1301.38,month-to-month,none,0,electronic_check,1
CUST-0730,51,28.29,1470.8,two-year,none,3,credit_card,0
CUST-0731,30,23.53,685.44,two-year,none,0,electronic_check,1
CUST-0732,48,60.03,2636.47,month-to-month,dsl,3,electronic_check,0
CUST-0733,64,71.94,4297.64,month-to-month,dsl,0,electronic_check,0
CUST-0734,28,85.39,2284.19,two-year,fiber_optic,0,bank_transfer,0
CUST-0735,34,36.22,1187.24,month-to-month,dsl,0,electronic_check,0
CUST-0736,51,60.9,3095.48,one-year,dsl,0,bank_transfer,0
CUST-0737,43,37.45,1535.97,two-year,dsl,1,mailed_check,1
CUST-0738,65,49.73,2940.34,one-year,fiber_optic,2,mailed_check,0
CUST-0739,34,48.63,1660.56,month-to-month,dsl,1,electronic_check,1
CUST-0740,17,27.54,452.29,month-to-month,none,2,electronic_check,1
CUST-0741,34,83.08,2661.07,one-year,fiber_optic,7,electronic_check,0
CUST-0742,57,69.48,4110.22,month-to-month,fiber_optic,3,electronic_check,0
CUST-0743,64,61.79,3975.96,month-to-month,fiber_optic,4,bank_transfer,1
CUST-0744,37,77.37,2819.69,month-to-month,fiber_optic,2,mailed_check,0
CUST-0745,1,77.72,80.8,one-year,dsl,3,mailed_check,0
CUST-0746,16,52.76,856.84,month-to-month,dsl,0,credit_card,0
CUST-0747,62,46.15,2875.1,month-to-month,none,1,bank_transfer,0
CUST-0748,17,79.62,1343.39,month-to-month,fiber_optic,0,bank_transfer,0
CUST-0749,49,87.64,4079.57,month-to-month,fiber_optic,0,electronic_check,1
CUST-0750,20,69.37,1408.12,month-to-month,dsl,1,mailed_check,1
CUST-0751,13,67.83,848.72,two-year,dsl,0,mailed_check,0
CUST-0752,24,100.62,2341.43,month-to-month,fiber_optic,0,electronic_check,0
CUST-0753,20,69.57,1430.76,two-year,dsl,0,bank_transfer,0
CUST-0754,39,42.98,1708.17,two-year,dsl,0,electronic_check,1
CUST-0755,55,60.41,3178.82,month-to-month,dsl,1,bank_transfer,0
CUST-0756,60,81.4,5316.82,month-to-month,fiber_optic,0,mailed_check,0
CUST-0757,59,60.71,3918.37,two-year,fiber_optic,4,credit_card,0
CUST-0758,34,92.83,3234.78,two-year,fiber_optic,0,mailed_check,0
CUST-0759,52,18,941.41,two-year,none,4,bank_transfer,0
CUST-0760,51,107.98,5691.1,two-year,fiber_optic,2,electronic_check,1
CUST-0761,4,35.65,146.53,month-to-month,dsl,4,bank_transfer,1
CUST-0762,61,100.77,6123.47,month-to-month,fiber_optic,1,credit_card,1
CUST-0763,58,88.25,5046.97,one-year,fiber_optic,0,bank_transfer,0
CUST-0764,64,37.68,2376.19,one-year,dsl,0,bank_transfer,0
CUST-0765,63,62.48,3820.85,month-to-month,fiber_optic,0,electronic_check,1
CUST-0766,45,51.33,2290.49,month-to-month,fiber_optic,1,electronic_check,0
CUST-0767,44,18,808.15,two-year,none,1,bank_transfer,0
CUST-0768,47,64.9,2960.71,two-year,dsl,1,credit_card,0
CUST-0769,17,97.92,1472.77,month-to-month,fiber_optic,1,mailed_check,0
CUST-0770,46,110.4,5331.71,two-year,fiber_optic,0,electronic_check,1
CUST-0771,56,21.6,1226.06,month-to-month,fiber_optic,3,bank_transfer,0
CUST-0772,20,18,364.59,two-year,none,3,bank_transfer,0
CUST-0773,15,59.38,874.66,two-year,dsl,0,bank_transfer,0
CUST-0774,27,84.45,2153.81,two-year,fiber_optic,3,electronic_check,1
CUST-0775,47,65.76,3150.53,month-to-month,fiber_optic,3,credit_card,1
CUST-0776,65,120,7326.97,month-to-month,fiber_optic,0,bank_transfer,0
CUST-0777,68,67.44,4707.71,month-to-month,fiber_optic,1,credit_card,0
CUST-0778,4,33.65,132.06,month-to-month,dsl,1,bank_transfer,1
CUST-0779,22,95.11,2064.42,month-to-month,fiber_optic,2,electronic_check,0
CUST-0780,67,77.2,5012.36,two-year,fiber_optic,3,credit_card,0
CUST-0781,45,112.25,4863.34,month-to-month,fiber_optic,1,mailed_check,0
CUST-0782,57,34.64,1920.46,one-year,none,0,bank_transfer,1
CUST-0783,43,36.44,1554.38,month-to-month,dsl,0,credit_card,0
CUST-0784,21,24.49,511.64,month-to-month,none,0,mailed_check,1
CUST-0785,65,71.93,4518.87,month-to-month,fiber_optic,0,mailed_check,0
CUST-0786,1,21.64,23.03,month-to-month,none,6,credit_card,1
CUST-0787,69,66.68,4234.54,two-year,fiber_optic,2,electronic_check,0
CUST-0788,14,66.25,913.95,month-to-month,dsl,1,credit_card,0
CUST-0789,11,86.77,973.24,month-to-month,fiber_optic,4,electronic_check,1
CUST-0790,34,66.01,2142.38,one-year,dsl,1,credit_card,0
CUST-0791,21,106.47,2362.66,month-to-month,fiber_optic,4,bank_transfer,1
CUST-0792,21,94.34,1899.6,two-year,fiber_optic,0,credit_card,0
CUST-0793,6,73.24,452.45,one-year,fiber_optic,0,electronic_check,1
CUST-0794,40,112.37,4380.28,two-year,fiber_optic,1,credit_card,0
CUST-0795,54,74.79,4206.04,month-to-month,fiber_optic,4,mailed_check,1
CUST-0796,59,48.07,2827.63,two-year,dsl,1,electronic_check,0
CUST-0797,50,120,5835.87,month-to-month,fiber_optic,3,mailed_check,0
CUST-0798,40,53.18,2179.47,one-year,fiber_optic,2,bank_transfer,1
CUST-0799,67,80.61,5835.36,month-to-month,dsl,0,credit_card,1
CUST-0800,57,58.14,3150.56,month-to-month,dsl,3,electronic_check,0
CUST-0801,24,24.82,610.36,month-to-month,none,0,electronic_check,1
CUST-0802,12,28.88,387.73,month-to-month,none,0,bank_transfer,0
CUST-0803,39,76.27,3103.44,month-to-month,fiber_optic,4,mailed_check,0
CUST-0804,31,61.95,1945.91,month-to-month,dsl,0,mailed_check,0
CUST-0805,62,73.93,4617.66,month-to-month,dsl,1,credit_card,0
CUST-0806,17,105.21,1748.91,month-to-month,fiber_optic,8,electronic_check,1
CUST-0807,22,68.97,1473.43,two-year,dsl,0,mailed_check,0
CUST-0808,22,28.31,574.17,month-to-month,none,0,mailed_check,0
CUST-0809,28,53.69,1406.81,one-year,dsl,0,electronic_check,1
CUST-0810,72,27.51,1802.55,two-year,none,2,electronic_check,0
CUST-0811,34,48.08,1573.38,two-year,dsl,0,electronic_check,0
CUST-0812,18,80.45,1536.22,one-year,fiber_optic,1,mailed_check,0
CUST-0813,63,51.43,3187.66,two-year,dsl,0,bank_transfer,0
CUST-0814,46,59.04,2519.24,two-year,fiber_optic,4,bank_transfer,0
CUST-0815,16,25.28,408.46,month-to-month,none,0,mailed_check,1
CUST-0816,39,76.08,3006.89,two-year,fiber_optic,1,credit_card,0
CUST-0817,27,29.94,829.3,month-to-month,none,0,bank_transfer,0
CUST-0818,23,96.52,2211.25,month-to-month,fiber_optic,0,electronic_check,1
CUST-0819,36,48.51,1645.45,month-to-month,dsl,0,credit_card,0
CUST-0820,7,76.89,526.8,two-year,fiber_optic,2,credit_card,0
CUST-0821,67,23.54,1658.23,two-year,none,0,electronic_check,0
CUST-0822,4,85.43,378.51,two-year,fiber_optic,0,bank_transfer,0
CUST-0823,9,94.56,797.77,one-year,fiber_optic,3,mailed_check,1
CUST-0824,31,30.24,903.25,two-year,none,0,credit_card,0
CUST-0825,57,59.56,3425.67,two-year,dsl,0,bank_transfer,0
CUST-0826,17,39.31,641.0,month-to-month,none,0,electronic_check,1
CUST-0827,7,85.18,574.54,month-to-month,fiber_optic,3,electronic_check,1
CUST-0828,55,53.15,3159.33,two-year,dsl,0,electronic_check,0
CUST-0829,25,53.01,1255.25,month-to-month,fiber_optic,5,bank_transfer,1
CUST-0830,62,101.97,6354.66,one-year,fiber_optic,0,electronic_check,0
CUST-0831,46,29.13,1386.0,month-to-month,none,0,bank_transfer,0
CUST-0832,19,56.4,1107.01,month-to-month,dsl,0,credit_card,1
CUST-0833,26,65.73,1481.32,two-year,fiber_optic,2,bank_transfer,0
CUST-0834,39,107.94,4224.73,month-to-month,fiber_optic,0,mailed_check,1
CUST-0835,29,29.53,865.21,one-year,dsl,2,electronic_check,0
CUST-0836,1,66.82,68.89,month-to-month,fiber_optic,0,electronic_check,1
CUST-0837,47,104.1,5345.14,month-to-month,fiber_optic,3,electronic_check,1
CUST-0838,3,106.49,323.72,month-to-month,fiber_optic,4,electronic_check,0
CUST-0839,44,95.74,3924.18,two-year,fiber_optic,7,electronic_check,0
CUST-0840,9,21.0,193.31,month-to-month,none,3,electronic_check,1
CUST-0841,55,75.34,4054.34,two-year,fiber_optic,1,electronic_check,0
CUST-0842,36,18.09,668.05,two-year,none,0,credit_card,0
CUST-0843,9,85.14,729.16,month-to-month,fiber_optic,2,credit_card,1
CUST-0844,62,76.37,4301.34,one-year,dsl,1,electronic_check,1
CUST-0845,29,58.09,1771.51,two-year,dsl,0,electronic_check,0
CUST-0846,11,117.1,1237.28,month-to-month,fiber_optic,2,mailed_check,1
CUST-0847,55,69.03,3798.99,month-to-month,fiber_optic,0,mailed_check,1
CUST-0848,11,59.22,674.52,month-to-month,dsl,0,mailed_check,1
CUST-0849,47,76.89,3748.64,month-to-month,fiber_optic,4,electronic_check,0
CUST-0850,18,44.02,796.78,two-year,dsl,0,bank_transfer,0
CUST-0851,52,36.62,1914.6,two-year,none,5,bank_transfer,0
CUST-0852,27,45.98,1246.22,month-to-month,dsl,0,bank_transfer,0
CUST-0853,41,66.32,2791.36,two-year,fiber_optic,4,credit_card,0
CUST-0854,40,87.06,3562.57,two-year,fiber_optic,1,credit_card,0
CUST-0855,52,38.4,1929.63,two-year,dsl,0,electronic_check,0
CUST-0856,51,120,5926.94,two-year,fiber_optic,0,mailed_check,0
CUST-0857,58,79.31,4471.86,one-year,fiber_optic,4,electronic_check,1
CUST-0858,50,82.18,4172.95,month-to-month,fiber_optic,1,bank_transfer,1
CUST-0859,53,18,992.57,month-to-month,none,0,electronic_check,0
CUST-0860,40,49.19,1782.51,month-to-month,dsl,1,mailed_check,0
CUST-0861,59,103.58,6231.89,month-to-month,fiber_optic,4,electronic_check,0
CUST-0862,59,77.9,4283.73,month-to-month,fiber_optic,1,electronic_check,0
CUST-0863,39,20.67,819.03,month-to-month,none,1,credit_card,0
CUST-0864,13,28.26,377.47,month-to-month,none,1,electronic_check,1
CUST-0865,9,18,163.03,one-year,dsl,2,electronic_check,1
CUST-0866,42,84.77,3600.15,month-to-month,fiber_optic,2,electronic_check,0
CUST-0867,60,53.24,3208.59,month-to-month,dsl,0,credit_card,0
CUST-0868,63,76.14,4738.44,month-to-month,fiber_optic,1,bank_transfer,0
CUST-0869,21,78.23,1740.55,month-to-month,fiber_optic,1,electronic_check,0
CUST-0870,20,100.91,2115.38,month-to-month,fiber_optic,1,bank_transfer,1
CUST-0871,67,45.04,3099.87,one-year,dsl,0,credit_card,0
CUST-0872,32,86.01,2386.98,month-to-month,fiber_optic,1,electronic_check,1
CUST-0873,9,27.35,239.62,month-to-month,none,0,bank_transfer,1
CUST-0874,72,58.62,4044.37,one-year,dsl,0,credit_card,0
CUST-0875,42,68.0,2957.48,month-to-month,fiber_optic,0,electronic_check,1
CUST-0876,9,58.41,445.5,two-year,fiber_optic,4,bank_transfer,0
CUST-0877,22,71.5,1515.84,month-to-month,fiber_optic,6,electronic_check,1
CUST-0878,41,47.06,2140.9,two-year,dsl,0,electronic_check,0
CUST-0879,30,80.08,2429.33,one-year,dsl,0,electronic_check,1
CUST-0880,11,106.08,1189.73,month-to-month,fiber_optic,0,electronic_check,0
CUST-0881,57,64.04,3408.13,one-year,fiber_optic,1,electronic_check,0
CUST-0882,4,51.95,208.75,month-to-month,dsl,6,electronic_check,0
CUST-0883,29,82.94,2409.95,one-year,fiber_optic,5,electronic_check,0
CUST-0884,19,90.57,1574.76,two-year,fiber_optic,0,electronic_check,0
CUST-0885,55,85.4,4843.26,one-year,fiber_optic,0,bank_transfer,0
CUST-0886,35,70.96,2406.75,two-year,dsl,0,credit_card,0
CUST-0887,56,32.78,1846.85,two-year,none,2,bank_transfer,0
CUST-0888,20,39.95,787.79,one-year,fiber_optic,2,mailed_check,0
CUST-0889,43,55.89,2421.21,month-to-month,dsl,0,electronic_check,0
CUST-0890,51,62.02,3029.79,two-year,fiber_optic,1,mailed_check,0
CUST-0891,16,44.39,720.86,month-to-month,dsl,2,electronic_check,0
CUST-0892,48,37.36,1787.27,one-year,dsl,0,credit_card,0
CUST-0893,4,33.2,135.57,one-year,dsl,0,electronic_check,0
CUST-0894,2,55.52,104.55,month-to-month,fiber_optic,12,bank_transfer,1
CUST-0895,25,76.58,1809.14,two-year,fiber_optic,1,mailed_check,0
CUST-0896,12,41.98,511.59,month-to-month,dsl,0,bank_transfer,0
CUST-0897,40,113.29,4754.95,month-to-month,fiber_optic,1,mailed_check,1
CUST-0898,23,61.17,1477.92,month-to-month,dsl,0,electronic_check,0
CUST-0899,24,70.28,1911.51,month-to-month,dsl,2,credit_card,1
CUST-0900,22,101.08,2248.85,month-to-month,fiber_optic,0,electronic_check,1
CUST-0901,13,67.1,805.98,month-to-month,fiber_optic,0,credit_card,0
CUST-0902,67,80.78,5170.37,two-year,dsl,0,credit_card,0
CUST-0903,44,21.03,886.47,two-year,none,0,credit_card,0
CUST-0904,59,99.08,5905.13,two-year,fiber_optic,0,credit_card,0
CUST-0905,32,39.7,1280.58,month-to-month,dsl,0,bank_transfer,0
CUST-0906,3,23.26,69.31,one-year,none,0,credit_card,0
CUST-0907,11,18,200.17,month-to-month,none,3,credit_card,0
CUST-0908,19,29.65,561.86,two-year,none,0,bank_transfer,0
CUST-0909,71,71.53,4997.44,two-year,dsl,0,credit_card,0
CUST-0910,12,29.89,373.07,month-to-month,none,0,electronic_check,1
CUST-0911,33,18,536.05,one-year,none,1,bank_transfer,0
CUST-0912,29,56.35,1585.03,two-year,dsl,1,bank_transfer,0
CUST-0913,49,44.91,2231.54,one-year,dsl,0,credit_card,0
CUST-0914,25,94.4,2537.08,one-year,fiber_optic,2,mailed_check,1
CUST-0915,8,54.52,453.44,one-year,fiber_optic,6,mailed_check,0
CUST-0916,29,80.81,2256.69,month-to-month,fiber_optic,0,credit_card,1
CUST-0917,59,106.88,5825.61,month-to-month,fiber_optic,0,bank_transfer,0
CUST-0918,36,71.03,2628.0,two-year,dsl,1,mailed_check,0
CUST-0919,43,64.82,2747.41,month-to-month,dsl,1,credit_card,0
CUST-0920,51,18.57,952.41,month-to-month,none,0,credit_card,0
CUST-0921,61,42.95,2601.35,two-year,dsl,1,mailed_check,0
CUST-0922,17,82.8,1562.55,month-to-month,dsl,0,credit_card,0
CUST-0923,18,61.78,1209.29,month-to-month,dsl,0,credit_card,0
CUST-0924,14,18.83,276.86,one-year,none,2,electronic_check,0
CUST-0925,13,68.37,924.77,month-to-month,dsl,0,credit_card,0
CUST-0926,32,89.58,2731.18,month-to-month,fiber_optic,2,mailed_check,1
CUST-0927,12,23.16,297.89,two-year,none,0,bank_transfer,0
CUST-0928,66,59.26,3612.81,month-to-month,dsl,0,credit_card,0
CUST-0929,50,48.81,2416.27,month-to-month,dsl,0,mailed_check,1
CUST-0930,3,18,53.04,month-to-month,none,4,bank_transfer,1
CUST-0931,16,114.47,1954.03,two-year,fiber_optic,2,bank_transfer,0
CUST-0932,6,85.73,467.98,month-to-month,fiber_optic,0,electronic_check,0
CUST-0933,65,36.6,2354.01,month-to-month,none,0,electronic_check,0
CUST-0934,38,98.81,3677.58,one-year,fiber_optic,10,bank_transfer,1
CUST-0935,69,58.94,4082.29,one-year,dsl,0,bank_transfer,0
CUST-0936,71,74.06,5183.95,month-to-month,fiber_optic,0,electronic_check,0
CUST-0937,21,57.53,1250.18,month-to-month,fiber_optic,1,electronic_check,0
CUST-0938,25,65.45,1587.4,one-year,dsl,2,bank_transfer,0
CUST-0939,56,23.76,1411.83,month-to-month,none,1,electronic_check,1
CUST-0940,43,94.88,4066.13,two-year,fiber_optic,9,bank_transfer,1
CUST-0941,14,103.92,1386.52,two-year,fiber_optic,4,mailed_check,0
CUST-0942,37,62.85,2459.85,one-year,dsl,0,credit_card,0
CUST-0943,69,19.82,1338.56,one-year,none,1,mailed_check,0
CUST-0944,35,33.62,1164.95,month-to-month,dsl,1,credit_card,0
CUST-0945,24,73.68,1980.86,month-to-month,fiber_optic,1,mailed_check,1
CUST-0946,12,40.5,494.35,two-year,fiber_optic,3,electronic_check,0
CUST-0947,22,117.85,2491.82,one-year,fiber_optic,0,electronic_check,0
CUST-0948,18,47.82,911.55,month-to-month,dsl,0,credit_card,0
CUST-0949,1,55.89,60.47,one-year,dsl,8,bank_transfer,0
CUST-0950,6,18,112.85,one-year,none,0,bank_transfer,1
CUST-0951,18,19.39,360.64,one-year,none,0,mailed_check,0
CUST-0952,16,49.15,841.93,month-to-month,dsl,0,electronic_check,0
CUST-0953,66,67.9,4306.54,two-year,fiber_optic,1,mailed_check,0
CUST-0954,1,46.11,48.55,month-to-month,dsl,0,mailed_check,0
CUST-0955,20,25.74,495.42,month-to-month,none,0,electronic_check,0
CUST-0956,69,98.52,6905.41,two-year,fiber_optic,1,mailed_check,0
CUST-0957,46,53.25,2513.54,two-year,dsl,0,electronic_check,0
CUST-0958,62,26.77,1562.88,two-year,none,1,electronic_check,0
CUST-0959,52,22.05,1164.37,one-year,none,0,credit_card,0
CUST-0960,31,25.62,790.09,month-to-month,none,0,mailed_check,1
CUST-0961,11,69.89,766.74,two-year,fiber_optic,5,electronic_check,1
CUST-0962,55,18.69,1009.6,month-to-month,dsl,0,credit_card,0
CUST-0963,20,120,2383.36,month-to-month,fiber_optic,1,electronic_check,1
CUST-0964,53,50.62,2707.8,one-year,dsl,0,credit_card,0
CUST-0965,7,72.66,529.93,month-to-month,fiber_optic,1,electronic_check,1
CUST-0966,42,56.28,2424.68,month-to-month,dsl,3,credit_card,1
CUST-0967,39,56.02,2127.53,month-to-month,dsl,0,bank_transfer,0
CUST-0968,48,54.35,2661.6,month-to-month,fiber_optic,2,bank_transfer,0
CUST-0969,6,29.57,190.32,one-year,none,7,bank_transfer,1
CUST-0970,61,96.4,6065.0,two-year,fiber_optic,1,bank_transfer,0
CUST-0971,72,21.41,1375.6,two-year,none,0,mailed_check,0
CUST-0972,3,107.55,312.71,month-to-month,fiber_optic,0,credit_card,0
CUST-0973,25,120,2708.7,one-year,fiber_optic,0,bank_transfer,0
CUST-0974,52,65.31,3191.52,one-year,fiber_optic,0,electronic_check,0
CUST-0975,66,51.51,3512.9,month-to-month,dsl,1,mailed_check,1
CUST-0976,31,52.04,1605.76,month-to-month,dsl,2,credit_card,1
CUST-0977,32,68.17,2057.33,two-year,fiber_optic,8,electronic_check,0
CUST-0978,34,120,4048.34,one-year,fiber_optic,4,bank_transfer,0
CUST-0979,29,114.13,3333.53,one-year,fiber_optic,5,electronic_check,0
CUST-0980,49,75.11,3581.27,two-year,fiber_optic,1,bank_transfer,0
CUST-0981,27,28.25,785.72,one-year,none,1,bank_transfer,0
CUST-0982,24,37.67,805.97,month-to-month,none,0,electronic_check,1
CUST-0983,40,79.09,3125.98,month-to-month,fiber_optic,0,mailed_check,0
CUST-0984,13,120,1595.66,one-year,fiber_optic,1,bank_transfer,1
CUST-0985,2,55.07,112.44,two-year,dsl,0,electronic_check,0
CUST-0986,14,24.05,344.64,one-year,none,1,credit_card,0
CUST-0987,21,43.61,906.05,month-to-month,dsl,0,electronic_check,0
CUST-0988,14,25.32,357.81,one-year,none,0,electronic_check,1
CUST-0989,37,36.12,1253.78,month-to-month,none,0,mailed_check,1
CUST-0990,37,61.34,2495.52,month-to-month,dsl,2,electronic_check,0
CUST-0991,23,47.29,1139.72,month-to-month,fiber_optic,2,electronic_check,0
CUST-0992,35,46.29,1667.69,two-year,dsl,0,credit_card,1
CUST-0993,20,51.28,1055.69,two-year,fiber_optic,9,electronic_check,0
CUST-0994,36,76.0,2750.03,month-to-month,fiber_optic,1,electronic_check,0
CUST-0995,53,86.78,4420.59,one-year,dsl,0,electronic_check,0
CUST-0996,69,77.41,5031.99,two-year,fiber_optic,2,bank_transfer,0
CUST-0997,12,110.42,1334.15,month-to-month,fiber_optic,7,credit_card,1
CUST-0998,18,81.66,1629.74,month-to-month,fiber_optic,0,credit_card,0
CUST-0999,8,105.23,895.39,one-year,fiber_optic,4,bank_transfer,1
CUST-1000,10,57.28,582.34,month-to-month,dsl,0,electronic_check,1
